{
  "total_tracks": 18,
  "total_frames": 375,
  "track_lengths": {
    "1": 31,
    "2": 136,
    "3": 31,
    "4": 88,
    "5": 34,
    "6": 31,
    "7": 32,
    "8": 32,
    "9": 31,
    "10": 106,
    "11": 31,
    "12": 31,
    "13": 31,
    "14": 31,
    "15": 31,
    "16": 31,
    "17": 31,
    "18": 31
  },
  "track_durations": {
    "1": 1.24,
    "2": 5.44,
    "3": 1.24,
    "4": 3.52,
    "5": 1.36,
    "6": 1.24,
    "7": 1.28,
    "8": 1.28,
    "9": 1.24,
    "10": 4.24,
    "11": 1.24,
    "12": 1.24,
    "13": 1.24,
    "14": 1.24,
    "15": 1.24,
    "16": 1.24,
    "17": 1.24,
    "18": 1.24
  },
  "average_positions": {
    "1": [
      489.5,
      507.0
    ],
    "2": [
      710.9705882352941,
      406.90808823529414
    ],
    "3": [
      699.0,
      380.0
    ],
    "4": [
      787.1193181818181,
      326.72159090909093
    ],
    "5": [
      626.6470588235294,
      310.04411764705884
    ],
    "6": [
      584.0,
      289.0
    ],
    "7": [
      735.875,
      321.359375
    ],
    "8": [
      790.453125,
      337.796875
    ],
    "9": [
      877.0,
      300.0
    ],
    "10": [
      765.8632075471698,
      404.74528301886795
    ],
    "11": [
      411.0,
      225.5
    ],
    "12": [
      725.5,
      363.0
    ],
    "13": [
      997.0,
      110.5
    ],
    "14": [
      422.5,
      333.5
    ],
    "15": [
      985.5,
      331.5
    ],
    "16": [
      1099.0,
      320.5
    ],
    "17": [
      1139.5,
      322.0
    ],
    "18": [
      1159.0,
      317.0
    ]
  }
}